Review ID,Date,Product Category,Review Text
"1,2025-01-15,Smartphone,""Purchased a new smartphone from Takealot. The phone works great, exactly as advertised, but delivery took a bit longer than expected. Tracking updates were helpful."""
"2,2025-01-16,Laptop,""Ordered a laptop, but it arrived with a scratched screen. Customer service was slow to respond, and the return process was a hassle. Disappointed."""
"3,2025-01-17,Headphones,""Amazing sound quality on these headphones! Fast delivery and well-packaged. Takealot nailed it with this one."""
"4,2025-01-18,Smartwatch,""The smartwatch is decent, but the battery life is shorter than advertised. Customer support was unhelpful when I reached out."""
"5,2025-01-19,Tablet,""Received a tablet that was clearly used, not new as described. No response from Takealot after multiple emails. Very frustrating."""
"6,2025-01-20,Gaming Console,""Console works perfectly, and my kids love it. Delivery was delayed by two days, but the product quality made up for it."""
"7,2025-01-21,TV,""Bought a 55-inch TV during a sale. Price was unbeatable, and delivery was on time. Highly recommend Takealot for tech deals."""
"8,2025-01-22,Wireless Router,""Router stopped working after a week. Customer service asked for bank statements for a refund, which felt invasive. Still waiting for resolution."""
"9,2025-01-23,External Hard Drive,""Great storage capacity and speed. Delivery was a bit slow, but the product is solid. Will buy again."""
"10,2025-01-24,Smart Speaker,""The speaker has good sound, but setup was tricky. No clear instructions, and customer support didn’t help much."""
"11,2025-01-25,Camera,""Fantastic camera quality! Arrived in perfect condition, and the price was better than other stores. Very happy."""
"12,2025-01-26,Monitor,""Monitor had dead pixels. Return process was complicated, and I’m still waiting for a refund after two weeks."""
"13,2025-01-27,Keyboard,""Really nice keyboard for the price. Delivery took longer than promised, but the product is great for gaming."""
"14,2025-01-28,Mouse,""Mouse works fine, but it feels cheap. Expected better build quality for the price. Delivery was on time, though."""
"15,2025-01-29,Drone,""This drone is awesome! Easy to fly and great camera quality. Takealot delivered it quickly and in perfect condition."""
"16,2025-01-30,Smartphone,""Ordered a phone, but it never arrived. Tracking said delivered, but nothing was at my door. Customer service was no help."""
"17,2025-01-31,Laptop,""Laptop performs well for work. Delivery was delayed, but the packaging was secure. Overall, a good purchase."""
"18,2025-02-01,Headphones,""Best headphones I’ve ever bought! Crystal clear sound and comfortable fit. Takealot’s service was spot on."""
"19,2025-02-02,Smartwatch,""Smartwatch stopped syncing after a few days. Customer support was slow and unhelpful. Thinking of switching to Amazon."""
"20,2025-02-03,Tablet,""Tablet is okay, but the screen resolution isn’t as good as expected. Delivery was on time, at least."""
"21,2025-02-04,Gaming Console,""Console is amazing, but the controller had a sticky button. Takealot sent a replacement quickly, so I’m satisfied."""
"22,2025-02-05,TV,""Incredible TV for the price! Delivery was fast, and the setup was easy. Takealot is my go-to for electronics."""
"23,2025-02-06,Wireless Router,""Router keeps dropping connection. Customer service was rude and didn’t offer a solution. Very disappointed."""
"24,2025-02-07,External Hard Drive,""Hard drive works perfectly for backups. Delivery was a bit late, but the product quality is excellent."""
"25,2025-02-08,Smart Speaker,""Speaker sounds good but doesn’t connect to Wi-Fi consistently. Customer support wasn’t much help."""
"26,2025-02-09,Camera,""Camera exceeded my expectations! Great for photography enthusiasts. Takealot delivered it in two days."""
"27,2025-02-10,Monitor,""Monitor arrived cracked. No response from Takealot after a week of trying to contact them. Terrible service."""
"28,2025-02-11,Keyboard,""Keyboard is great for typing and gaming. Delivery took longer than expected, but I’m happy with the product."""
"29,2025-02-12,Mouse,""Mouse is functional but not as ergonomic as advertised. Delivery was quick, though."""
"30,2025-02-13,Drone,""Drone is so much fun to use! Camera quality is top-notch, and delivery was super fast. Love Takealot!"""
"31,2025-02-14,Smartphone,""Phone arrived with a dead battery. Took ages to get a response from customer service. Not impressed."""
"32,2025-02-15,Laptop,""Laptop is fast and lightweight. Delivery was delayed by a day, but the product is worth it."""
"33,2025-02-16,Headphones,""These headphones are fantastic! Great bass and noise cancellation. Takealot delivered them in record time."""
"34,2025-02-17,Smartwatch,""Smartwatch looks nice but has connectivity issues. Customer support was slow to respond."""
"35,2025-02-18,Tablet,""Tablet froze on the first day. Return process was a nightmare, and I’m still waiting for a refund."""
"36,2025-02-19,Gaming Console,""Console works great, but the packaging was damaged. Takealot handled the issue quickly, so I’m okay with it."""
"37,2025-02-20,TV,""Amazing TV with vibrant colors! Delivery was on time, and the price was unbeatable. Highly recommend."""
"38,2025-02-21,Wireless Router,""Router was faulty out of the box. Customer service ignored my emails. Never buying from Takealot again."""
"39,2025-02-22,External Hard Drive,""Hard drive is reliable and fast. Delivery took a bit longer than promised, but I’m satisfied."""
"40,2025-02-23,Smart Speaker,""Speaker is decent but has connectivity issues. Customer support wasn’t very helpful."""
"41,2025-02-24,Camera,""Camera takes stunning photos! Delivery was quick, and the packaging was secure. Great experience."""
"42,2025-02-25,Monitor,""Monitor had flickering issues. Return process was slow, and customer service was unhelpful."""
"43,2025-02-26,Keyboard,""Keyboard feels premium and works great. Delivery was a bit delayed, but I’m happy with the purchase."""
"44,2025-02-27,Mouse,""Mouse is okay but not great for gaming. Delivery was on time, so no complaints there."""
"45,2025-02-28,Drone,""Drone is incredible! Easy to control and great video quality. Takealot delivered it fast."""
"46,2025-03-01,Smartphone,""Phone was delivered late and had a cracked screen. Customer service was useless. Very disappointed."""
"47,2025-03-02,Laptop,""Laptop is perfect for my needs. Delivery was a bit slow, but the product quality is excellent."""
"48,2025-03-03,Headphones,""Headphones are top-notch! Great sound and comfortable fit. Takealot’s delivery was super fast."""
"49,2025-03-04,Smartwatch,""Smartwatch stopped working after a week. Customer support was slow and unhelpful."""
"50,2025-03-05,Tablet,""Tablet is decent, but the battery drains quickly. Delivery was on time, though."""
"51,2025-03-06,Gaming Console,""Console is awesome, but one game disc was scratched. Takealot replaced it quickly."""
"52,2025-03-07,TV,""Best TV I’ve ever owned! Amazing picture quality and fast delivery. Takealot rocks!"""
"53,2025-03-08,Wireless Router,""Router keeps disconnecting. Customer service was rude and didn’t offer a solution."""
"54,2025-03-09,External Hard Drive,""Hard drive works perfectly. Delivery was a bit late, but I’m happy with the product."""
"55,2025-03-10,Smart Speaker,""Speaker sounds good but struggles with voice commands. Customer support wasn’t helpful."""
"56,2025-03-11,Camera,""Camera is fantastic for the price! Delivery was quick, and the product was well-packaged."""
"57,2025-03-12,Monitor,""Monitor arrived with a broken stand. No response from Takealot after multiple emails."""
"58,2025-03-13,Keyboard,""Keyboard is awesome for gaming. Delivery took longer than expected, but I’m satisfied."""
"59,2025-03-14,Mouse,""Mouse is functional but feels flimsy. Delivery was on time, no issues there."""
"60,2025-03-15,Drone,""Drone is so much fun! Great camera and easy to fly. Takealot delivered it in two days."""
"61,2025-03-16,Smartphone,""Phone arrived late and was missing accessories. Customer service was slow to respond."""
"62,2025-03-17,Laptop,""Laptop performs well for gaming. Delivery was delayed, but the product is solid."""
"63,2025-03-18,Headphones,""These headphones are amazing! Perfect sound and fast delivery. Takealot did great."""
"64,2025-03-19,Smartwatch,""Smartwatch looks good but has syncing issues. Customer support wasn’t very helpful."""
"65,2025-03-20,Tablet,""Tablet crashed repeatedly. Return process was slow, and I’m still waiting for a refund."""
"66,2025-03-21,Gaming Console,""Console is fantastic, but the delivery driver was rude. Takealot resolved it quickly."""
"67,2025-03-22,TV,""TV is stunning! Great price and fast delivery. Takealot is my favorite for tech."""
"68,2025-03-23,Wireless Router,""Router was dead on arrival. Customer service ignored my complaints. Awful experience."""
"69,2025-03-24,External Hard Drive,""Hard drive is fast and reliable. Delivery was a bit late, but I’m happy with it."""
"70,2025-03-25,Smart Speaker,""Speaker is okay but has connectivity issues. Customer support was unhelpful."""
"71,2025-03-26,Camera,""Camera takes amazing photos! Delivery was fast, and the packaging was great."""
"72,2025-03-27,Monitor,""Monitor had color issues. Return process was a hassle, and customer service was slow."""
"73,2025-03-28,Keyboard,""Keyboard is awesome for typing. Delivery was delayed, but I’m happy with the product."""
"74,2025-03-29,Mouse,""Mouse works fine but isn’t very precise. Delivery was on time, though."""
"75,2025-03-30,Drone,""Drone is incredible! Great controls and camera. Takealot delivered it quickly."""
"76,2025-03-31,Smartphone,""Phone was delivered late and had a faulty camera. Customer service was no help."""
"77,2025-04-01,Laptop,""Laptop is fast and sleek. Delivery took a bit longer than expected, but I’m satisfied."""
"78,2025-04-02,Headphones,""Headphones are fantastic! Great sound quality and fast delivery. Love Takealot!"""
"79,2025-04-03,Smartwatch,""Smartwatch stopped working after a few days. Customer support was unhelpful."""
"80,2025-04-04,Tablet,""Tablet is decent but lags sometimes. Delivery was on time, no complaints there."""
"81,2025-04-05,Gaming Console,""Console is great, but the packaging was damaged. Takealot sent a replacement quickly."""
"82,2025-04-06,TV,""TV is amazing! Vibrant colors and fast delivery. Takealot never disappoints."""
"83,2025-04-07,Wireless Router,""Router keeps dropping signal. Customer service was rude and unhelpful."""
"84,2025-04-08,External Hard Drive,""Hard drive works great for storage. Delivery was a bit late, but I’m happy."""
"85,2025-04-09,Smart Speaker,""Speaker sounds good but has issues with voice recognition. Support wasn’t helpful."""
"86,2025-04-10,Camera,""Camera is perfect for professionals! Fast delivery and great packaging."""
"87,2025-04-11,Monitor,""Monitor arrived broken. No response from Takealot after a week of emails."""
"88,2025-04-12,Keyboard,""Keyboard is great for gaming. Delivery was delayed, but I’m happy with the product."""
"89,2025-04-13,Mouse,""Mouse is okay but not great for precision tasks. Delivery was on time."""
"90,2025-04-14,Drone,""Drone is awesome! Great video quality and fast delivery. Takealot rocks!"""
"91,2025-04-15,Smartphone,""Phone arrived with a cracked screen. Customer service was slow to respond."""
"92,2025-04-16,Laptop,""Laptop is perfect for work. Delivery was a bit slow, but I’m happy with the product."""
"93,2025-04-17,Headphones,""Headphones are incredible! Amazing sound and fast delivery. Highly recommend."""
"94,2025-04-18,Smartwatch,""Smartwatch looks nice but has battery issues. Customer support wasn’t helpful."""
"95,2025-04-19,Tablet,""Tablet keeps freezing. Return process was slow, and I’m still waiting for a refund."""
"96,2025-04-20,Gaming Console,""Console is awesome, but one controller was faulty. Takealot replaced it quickly."""
"97,2025-04-21,TV,""TV is fantastic! Great price and fast delivery. Takealot is the best!"""
"98,2025-04-22,Wireless Router,""Router didn’t work at all. Customer service ignored my emails. Terrible."""
"99,2025-04-23,External Hard Drive,""Hard drive is reliable and fast. Delivery was a bit late, but I’m satisfied."""
"100,2025-04-24,Smart Speaker,""Speaker is decent but struggles with connectivity. Customer support was unhelpful."""
"101,2025-04-25,Camera,""Camera takes stunning photos! Fast delivery and great packaging. Love it!"""
"102,2025-04-26,Monitor,""Monitor had dead pixels. Return process was a hassle, and support was slow."""
"103,2025-04-27,Keyboard,""Keyboard is great for typing. Delivery was delayed, but I’m satisfied."""
"104,2025-04-28,Mouse,""Mouse is functional but feels cheap. Delivery was on time, though."""
"105,2025-04-29,Drone,""Drone is so much fun! Great camera and fast delivery. Takealot is awesome!"""
"106,2025-04-30,Smartphone,""Phone never arrived, but tracking said delivered. Customer service was useless."""
"107,2025-05-01,Laptop,""Laptop performs well for gaming. Delivery was a bit slow, but I’m happy."""
"108,2025-05-02,Headphones,""Headphones are top-notch! Great sound and fast delivery. Takealot nails it!"""
"109,2025-05-03,Smartwatch,""Smartwatch stopped syncing after a week. Customer support was unhelpful."""
"110,2025-05-04,Tablet,""Tablet is okay but has slow performance. Delivery was on time."""
"111,2025-05-05,Gaming Console,""Console is great, but the packaging was damaged. Takealot resolved it quickly."""
"112,2025-05-06,TV,""TV is incredible! Amazing picture and fast delivery. Takealot is my go-to."""
"113,2025-05-07,Wireless Router,""Router keeps dropping connection. Customer service was rude and unhelpful."""
"114,2025-05-08,External Hard Drive,""Hard drive works perfectly. Delivery was a bit late, but I’m satisfied."""
"115,2025-05-09,Smart Speaker,""Speaker sounds good but has connectivity issues. Support wasn’t helpful."""
"116,2025-05-10,Camera,""Camera is fantastic! Great for photography. Fast delivery and great service."""
"117,2025-05-11,Monitor,""Monitor arrived with a cracked screen. No response from Takealot. Awful."""
"118,2025-05-12,Keyboard,""Keyboard is awesome for gaming. Delivery was delayed, but I’m happy."""
"119,2025-05-13,Mouse,""Mouse is okay but not very precise. Delivery was on time."""
"120,2025-05-14,Drone,""Drone is incredible! Great controls and camera. Takealot delivered fast."""
"121,2025-05-15,Smartphone,""Phone arrived late and had a faulty battery. Customer service was slow."""
"122,2025-05-16,Laptop,""Laptop is fast and reliable. Delivery was a bit slow, but I’m satisfied."""
"123,2025-05-17,Headphones,""Headphones are amazing! Great sound and fast delivery. Love Takealot!"""
"124,2025-05-18,Smartwatch,""Smartwatch looks good but has syncing issues. Customer support was unhelpful."""
"125,2025-05-19,Tablet,""Tablet keeps crashing. Return process was slow and frustrating."""
"126,2025-05-20,Gaming Console,""Console is awesome, but one game was missing. Takealot sent it quickly."""
"127,2025-05-21,TV,""TV is stunning! Great price and fast delivery. Takealot is the best."""
"128,2025-05-22,Wireless Router,""Router was faulty. Customer service ignored my emails. Terrible experience."""
"129,2025-05-23,External Hard Drive,""Hard drive is fast and reliable. Delivery was a bit late, but I’m happy."""
"130,2025-05-24,Smart Speaker,""Speaker is decent but has voice command issues. Support wasn’t helpful."""
"131,2025-05-25,Camera,""Camera takes amazing photos! Fast delivery and great packaging."""
"132,2025-05-26,Monitor,""Monitor had flickering issues. Return process was a hassle."""
"133,2025-05-27,Keyboard,""Keyboard is great for typing. Delivery was delayed, but I’m satisfied."""
"134,2025-05-28,Mouse,""Mouse is functional but feels flimsy. Delivery was on time."""
"135,2025-05-29,Drone,""Drone is awesome! Great camera and fast delivery. Takealot rocks!"""
"136,2025-05-30,Smartphone,""Phone was delivered late and had a cracked screen. Customer service was useless."""
"137,2025-05-31,Laptop,""Laptop is perfect for work. Delivery was a bit slow, but I’m happy."""
"138,2025-06-01,Headphones,""Headphones are fantastic! Great sound quality and fast delivery. Love Takealot!"""
"139,2025-06-02,Smartwatch,""Smartwatch stopped working after a few days. Customer support was unhelpful."""
"140,2025-06-03,Tablet,""Tablet is decent but lags sometimes. Delivery was on time."""
"141,2025-06-04,Gaming Console,""Console is great, but the packaging was damaged. Takealot resolved it."""
"142,2025-06-05,TV,""TV is amazing! Great price and fast delivery. Takealot is awesome!"""
"143,2025-06-06,Wireless Router,""Router keeps dropping signal. Customer service was rude."""
"144,2025-06-07,External Hard Drive,""Hard drive works great. Delivery was a bit late, but I’m satisfied."""
"145,2025-06-08,Smart Speaker,""Speaker sounds good but has connectivity issues. Support was unhelpful."""
"146,2025-06-09,Camera,""Camera is perfect for pros! Fast delivery and great packaging."""
"147,2025-06-10,Monitor,""Monitor arrived broken. No response from Takealot. Awful service."""
"148,2025-06-11,Keyboard,""Keyboard is great for gaming. Delivery was delayed, but I’m happy."""
"149,2025-06-12,Mouse,""Mouse is okay but not great for gaming. Delivery was on time."""
"150,2025-06-13,Drone,""Drone is incredible! Great video quality and fast delivery."""
"151,2025-06-14,Smartphone,""Phone arrived late and had a faulty camera. Customer service was slow."""
"152,2025-06-15,Laptop,""Laptop is fast and reliable. Delivery was a bit slow, but I’m satisfied."""
"153,2025-06-16,Headphones,""Headphones are top-notch! Great sound and fast delivery."""
"154,2025-06-17,Smartwatch,""Smartwatch looks nice but has battery issues. Support was unhelpful."""
"155,2025-06-18,Tablet,""Tablet keeps freezing. Return process was slow and frustrating."""
"156,2025-06-19,Gaming Console,""Console is awesome, but one controller was faulty. Takealot fixed it."""
"157,2025-06-20,TV,""TV is fantastic! Great price and fast delivery. Love Takealot!"""
"158,2025-06-21,Wireless Router,""Router didn’t work. Customer service ignored my emails."""
"159,2025-06-22,External Hard Drive,""Hard drive is reliable. Delivery was a bit late, but I’m happy."""
"160,2025-06-23,Smart Speaker,""Speaker is decent but has voice command issues. Support was unhelpful."""
"161,2025-06-24,Camera,""Camera takes stunning photos! Fast delivery and great service."""
"162,2025-06-25,Monitor,""Monitor had dead pixels. Return process was a hassle."""
"163,2025-06-26,Keyboard,""Keyboard is great for typing. Delivery was delayed, but I’m satisfied."""
"164,2025-06-27,Mouse,""Mouse is functional but feels cheap. Delivery was on time."""
"165,2025-06-28,Drone,""Drone is awesome! Great camera and fast delivery. Takealot rocks!"""
"166,2025-06-29,Smartphone,""Phone never arrived. Tracking said delivered. Customer service was useless."""
"167,2025-06-30,Laptop,""Laptop is perfect for work. Delivery was a bit slow, but I’m happy."""
"168,2025-07-01,Headphones,""Headphones are fantastic! Great sound and fast delivery."""
"169,2025-07-02,Smartwatch,""Smartwatch stopped syncing. Customer support was unhelpful."""
"170,2025-07-03,Tablet,""Tablet is decent but lags. Delivery was on time."""
"171,2025-07-04,Gaming Console,""Console is great, but packaging was damaged. Takealot resolved it."""
"172,2025-07-05,TV,""TV is amazing! Great price and fast delivery. Takealot is awesome!"""
"173,2025-07-06,Wireless Router,""Router keeps dropping signal. Customer service was rude."""
"174,2025-07-07,External Hard Drive,""Hard drive works great. Delivery was a bit late, but I’m satisfied."""
"175,2025-07-08,Smart Speaker,""Speaker sounds good but has connectivity issues. Support was unhelpful."""
"176,2025-07-09,Camera,""Camera is perfect for photography! Fast delivery and great service."""
"177,2025-07-10,Monitor,""Monitor arrived broken. No response from Takealot. Terrible."""
"178,2025-07-11,Keyboard,""Keyboard is great for gaming. Delivery was delayed, but I’m happy."""
"179,2025-07-12,Mouse,""Mouse is okay but not precise. Delivery was on time."""
"180,2025-07-13,Drone,""Drone is incredible! Great camera and fast delivery."""
"181,2025-07-14,Smartphone,""Phone arrived late and had a faulty camera. Customer service was slow."""
"182,2025-07-15,Laptop,""Laptop is fast and reliable. Delivery was a bit slow, but I’m happy."""
"183,2025-07-16,Headphones,""Headphones are top-notch! Great sound and fast delivery."""
"184,2025-07-17,Smartwatch,""Smartwatch looks nice but has syncing issues. Support was unhelpful."""
"185,2025-07-18,Tablet,""Tablet keeps crashing. Return process was slow and frustrating."""
"186,2025-07-19,Gaming Console,""Console is awesome, but one game was missing. Takealot fixed it."""
"187,2025-07-20,TV,""TV is fantastic! Great price and fast delivery. Love Takealot!"""
"188,2025-07-21,Wireless Router,""Router was faulty. Customer service ignored my emails."""
"189,2025-07-22,External Hard Drive,""Hard drive is reliable. Delivery was a bit late, but I’m happy."""
"190,2025-07-23,Smart Speaker,""Speaker is decent but has voice command issues. Support was unhelpful."""
"191,2025-07-24,Camera,""Camera takes stunning photos! Fast delivery and great service."""
"192,2025-07-25,Monitor,""Monitor had flickering issues. Return process was a hassle."""
"193,2025-07-26,Keyboard,""Keyboard is great for typing. Delivery was delayed, but I’m satisfied."""
"194,2025-07-27,Mouse,""Mouse is functional but feels cheap. Delivery was on time."""
"195,2025-07-28,Drone,""Drone is awesome! Great camera and fast delivery. Takealot rocks!"""
"196,2025-07-29,Smartphone,""Phone never arrived. Tracking said delivered. Customer service was useless."""
"197,2025-07-30,Laptop,""Laptop is perfect for work. Delivery was a bit slow, but I’m happy."""
"198,2025-07-31,Headphones,""Headphones are fantastic! Great sound and fast delivery."""
"199,2025-08-01,Smartwatch,""Smartwatch stopped working. Customer support was unhelpful."""
"200,2025-08-02,Tablet,""Tablet is decent but lags. Delivery was on time."""
